Year,Locationabbr,Locationdesc,Class,Topic,Question,Response,Break_Out,Break_Out_Category,Sample_Size,Data_value,Confidence_limit_Low,Confidence_limit_High,Display_order,Data_value_unit,Data_value_type,Data_Value_Footnote_Symbol,Data_Value_Footnote,DataSource,ClassId,TopicId,LocationID,BreakoutID,BreakOutCategoryID,QuestionID,ResponseID,GeoLocation
2014,AL,Alabama,Health Care Access/Coverage,Health Care Coverage,Do you have any kind of health care coverage?,Yes,Overall,Overall,"7,825",86.1,84.9,87.3,162,%,Crude Prevalence,,,BRFSS,CLASS07,Topic29,1,BO1,CAT1,HLTHPLN1,RESP046,"(32.84057112200048, -86.63186076199969)"
2014,AL,Alabama,Health Care Access/Coverage,Health Care Coverage,Do you have any kind of health care coverage?,No,Overall,Overall,806,13.9,12.7,15.1,163,%,Crude Prevalence,,,BRFSS,CLASS07,Topic29,1,BO1,CAT1,HLTHPLN1,RESP054,"(32.84057112200048, -86.63186076199969)"
2014,AK,Alaska,Health Care Access/Coverage,Health Care Coverage,Do you have any kind of health care coverage?,Yes,Overall,Overall,"3,905",85,83.4,86.7,162,%,Crude Prevalence,,,BRFSS,CLASS07,Topic29,2,BO1,CAT1,HLTHPLN1,RESP046,"(64.84507995700051, -147.72205903599973)"
2014,AK,Alaska,Health Care Access/Coverage,Health Care Coverage,Do you have any kind of health care coverage?,No,Overall,Overall,448,15,13.3,16.6,163,%,Crude Prevalence,,,BRFSS,CLASS07,Topic29,2,BO1,CAT1,HLTHPLN1,RESP054,"(64.84507995700051, -147.72205903599973)"
2014,AZ,Arizona,Health Care Access/Coverage,Health Care Coverage,Do you have any kind of health care coverage?,Yes,Overall,Overall,"13,749",85.6,84.4,86.7,162,%,Crude Prevalence,,,BRFSS,CLASS07,Topic29,4,BO1,CAT1,HLTHPLN1,RESP046,"(34.865970280000454, -111.76381127699972)"
2014,AZ,Arizona,Health Care Access/Coverage,Health Care Coverage,Do you have any kind of health care coverage?,No,Overall,Overall,"1,053",14.4,13.3,15.6,163,%,Crude Prevalence,,,BRFSS,CLASS07,Topic29,4,BO1,CAT1,HLTHPLN1,RESP054,"(34.865970280000454, -111.76381127699972)"
2014,AR,Arkansas,Health Care Access/Coverage,Health Care Coverage,Do you have any kind of health care coverage?,Yes,Overall,Overall,"4,782",83.7,81.9,85.6,162,%,Crude Prevalence,,,BRFSS,CLASS07,Topic29,5,BO1,CAT1,HLTHPLN1,RESP046,"(34.74865012400045, -92.27449074299966)"
2014,AR,Arkansas,Health Care Access/Coverage,Health Care Coverage,Do you have any kind of health care coverage?,No,Overall,Overall,440,16.3,14.4,18.2,163,%,Crude Prevalence,,,BRFSS,CLASS07,Topic29,5,BO1,CAT1,HLTHPLN1,RESP054,"(34.74865012400045, -92.27449074299966)"
2014,CA,California,Health Care Access/Coverage,Health Care Coverage,Do you have any kind of health care coverage?,Yes,Overall,Overall,"7,756",85.2,84.2,86.2,162,%,Crude Prevalence,,,BRFSS,CLASS07,Topic29,6,BO1,CAT1,HLTHPLN1,RESP046,"(37.63864012300047, -120.99999953799971)"
2014,CA,California,Health Care Access/Coverage,Health Care Coverage,Do you have any kind of health care coverage?,No,Overall,Overall,"1,041",14.8,13.8,15.8,163,%,Crude Prevalence,,,BRFSS,CLASS07,Topic29,6,BO1,CAT1,HLTHPLN1,RESP054,"(37.63864012300047, -120.99999953799971)"
2014,CO,Colorado,Health Care Access/Coverage,Health Care Coverage,Do you have any kind of health care coverage?,Yes,Overall,Overall,"12,227",87.2,86.4,88.1,162,%,Crude Prevalence,,,BRFSS,CLASS07,Topic29,8,BO1,CAT1,HLTHPLN1,RESP046,"(38.843840757000464, -106.13361092099967)"
2014,CO,Colorado,Health Care Access/Coverage,Health Care Coverage,Do you have any kind of health care coverage?,No,Overall,Overall,"1,113",12.8,11.9,13.6,163,%,Crude Prevalence,,,BRFSS,CLASS07,Topic29,8,BO1,CAT1,HLTHPLN1,RESP054,"(38.843840757000464, -106.13361092099967)"
2014,CT,Connecticut,Health Care Access/Coverage,Health Care Coverage,Do you have any kind of health care coverage?,Yes,Overall,Overall,"7,505",91.3,90.3,92.4,162,%,Crude Prevalence,,,BRFSS,CLASS07,Topic29,9,BO1,CAT1,HLTHPLN1,RESP046,"(41.56266102000046, -72.64984095199964)"
2014,CT,Connecticut,Health Care Access/Coverage,Health Care Coverage,Do you have any kind of health care coverage?,No,Overall,Overall,417,8.7,7.6,9.7,163,%,Crude Prevalence,,,BRFSS,CLASS07,Topic29,9,BO1,CAT1,HLTHPLN1,RESP054,"(41.56266102000046, -72.64984095199964)"
2014,DE,Delaware,Health Care Access/Coverage,Health Care Coverage,Do you have any kind of health care coverage?,Yes,Overall,Overall,"4,022",91.4,90.1,92.6,162,%,Crude Prevalence,,,BRFSS,CLASS07,Topic29,10,BO1,CAT1,HLTHPLN1,RESP046,"(39.008830667000495, -75.57774116799965)"
2014,DE,Delaware,Health Care Access/Coverage,Health Care Coverage,Do you have any kind of health care coverage?,No,Overall,Overall,265,8.7,7.4,9.9,163,%,Crude Prevalence,,,BRFSS,CLASS07,Topic29,10,BO1,CAT1,HLTHPLN1,RESP054,"(39.008830667000495, -75.57774116799965)"
2014,DC,District of Columbia,Health Care Access/Coverage,Health Care Coverage,Do you have any kind of health care coverage?,Yes,Overall,Overall,"3,921",91.7,89.7,93.7,162,%,Crude Prevalence,,,BRFSS,CLASS07,Topic29,11,BO1,CAT1,HLTHPLN1,RESP046,"(38.89037138500049, -77.03196112699965)"
2014,DC,District of Columbia,Health Care Access/Coverage,Health Care Coverage,Do you have any kind of health care coverage?,No,Overall,Overall,139,8.3,6.3,10.3,163,%,Crude Prevalence,,,BRFSS,CLASS07,Topic29,11,BO1,CAT1,HLTHPLN1,RESP054,"(38.89037138500049, -77.03196112699965)"
2014,FL,Florida,Health Care Access/Coverage,Health Care Coverage,Do you have any kind of health care coverage?,Yes,Overall,Overall,"8,761",82.4,81.2,83.6,162,%,Crude Prevalence,,,BRFSS,CLASS07,Topic29,12,BO1,CAT1,HLTHPLN1,RESP046,"(28.932040377000476, -81.92896053899966)"
2014,FL,Florida,Health Care Access/Coverage,Health Care Coverage,Do you have any kind of health care coverage?,No,Overall,Overall,"1,012",17.6,16.4,18.8,163,%,Crude Prevalence,,,BRFSS,CLASS07,Topic29,12,BO1,CAT1,HLTHPLN1,RESP054,"(28.932040377000476, -81.92896053899966)"
2014,GA,Georgia,Health Care Access/Coverage,Health Care Coverage,Do you have any kind of health care coverage?,Yes,Overall,Overall,"5,563",79.1,77.5,80.7,162,%,Crude Prevalence,,,BRFSS,CLASS07,Topic29,13,BO1,CAT1,HLTHPLN1,RESP046,"(32.83968109300048, -83.62758034599966)"
2014,GA,Georgia,Health Care Access/Coverage,Health Care Coverage,Do you have any kind of health care coverage?,No,Overall,Overall,761,20.9,19.3,22.5,163,%,Crude Prevalence,,,BRFSS,CLASS07,Topic29,13,BO1,CAT1,HLTHPLN1,RESP054,"(32.83968109300048, -83.62758034599966)"
2014,HI,Hawaii,Health Care Access/Coverage,Health Care Coverage,Do you have any kind of health care coverage?,Yes,Overall,Overall,"6,697",91.9,91,92.9,162,%,Crude Prevalence,,,BRFSS,CLASS07,Topic29,15,BO1,CAT1,HLTHPLN1,RESP046,"(21.304850435000446, -157.85774940299973)"
2014,HI,Hawaii,Health Care Access/Coverage,Health Care Coverage,Do you have any kind of health care coverage?,No,Overall,Overall,534,8.1,7.1,9,163,%,Crude Prevalence,,,BRFSS,CLASS07,Topic29,15,BO1,CAT1,HLTHPLN1,RESP054,"(21.304850435000446, -157.85774940299973)"
2014,ID,Idaho,Health Care Access/Coverage,Health Care Coverage,Do you have any kind of health care coverage?,Yes,Overall,Overall,"4,787",83.5,81.9,85,161,%,Crude Prevalence,,,BRFSS,CLASS07,Topic29,16,BO1,CAT1,HLTHPLN1,RESP046,"(43.682630005000476, -114.3637300419997)"
2014,ID,Idaho,Health Care Access/Coverage,Health Care Coverage,Do you have any kind of health care coverage?,No,Overall,Overall,679,16.5,15,18.1,162,%,Crude Prevalence,,,BRFSS,CLASS07,Topic29,16,BO1,CAT1,HLTHPLN1,RESP054,"(43.682630005000476, -114.3637300419997)"
2014,IL,Illinois,Health Care Access/Coverage,Health Care Coverage,Do you have any kind of health care coverage?,Yes,Overall,Overall,"4,687",88.1,86.7,89.5,162,%,Crude Prevalence,,,BRFSS,CLASS07,Topic29,17,BO1,CAT1,HLTHPLN1,RESP046,"(40.48501028300046, -88.99771017799969)"
2014,IL,Illinois,Health Care Access/Coverage,Health Care Coverage,Do you have any kind of health care coverage?,No,Overall,Overall,356,11.9,10.5,13.3,163,%,Crude Prevalence,,,BRFSS,CLASS07,Topic29,17,BO1,CAT1,HLTHPLN1,RESP054,"(40.48501028300046, -88.99771017799969)"
2014,IN,Indiana,Health Care Access/Coverage,Health Care Coverage,Do you have any kind of health care coverage?,Yes,Overall,Overall,"10,462",85.3,84.3,86.3,162,%,Crude Prevalence,,,BRFSS,CLASS07,Topic29,18,BO1,CAT1,HLTHPLN1,RESP046,"(39.766910452000445, -86.14996019399968)"
2014,IN,Indiana,Health Care Access/Coverage,Health Care Coverage,Do you have any kind of health care coverage?,No,Overall,Overall,"1,016",14.8,13.8,15.8,163,%,Crude Prevalence,,,BRFSS,CLASS07,Topic29,18,BO1,CAT1,HLTHPLN1,RESP054,"(39.766910452000445, -86.14996019399968)"
2014,IA,Iowa,Health Care Access/Coverage,Health Care Coverage,Do you have any kind of health care coverage?,Yes,Overall,Overall,"7,712",92.3,91.4,93.2,162,%,Crude Prevalence,,,BRFSS,CLASS07,Topic29,19,BO1,CAT1,HLTHPLN1,RESP046,"(42.46940091300047, -93.81649055599968)"
2014,IA,Iowa,Health Care Access/Coverage,Health Care Coverage,Do you have any kind of health care coverage?,No,Overall,Overall,397,7.7,6.8,8.6,163,%,Crude Prevalence,,,BRFSS,CLASS07,Topic29,19,BO1,CAT1,HLTHPLN1,RESP054,"(42.46940091300047, -93.81649055599968)"
2014,KS,Kansas,Health Care Access/Coverage,Health Care Coverage,Do you have any kind of health care coverage?,Yes,Overall,Overall,"12,331",85.5,84.7,86.3,162,%,Crude Prevalence,,,BRFSS,CLASS07,Topic29,20,BO1,CAT1,HLTHPLN1,RESP046,"(38.34774030000045, -98.20078122699965)"
2014,KS,Kansas,Health Care Access/Coverage,Health Care Coverage,Do you have any kind of health care coverage?,No,Overall,Overall,"1,332",14.5,13.7,15.3,163,%,Crude Prevalence,,,BRFSS,CLASS07,Topic29,20,BO1,CAT1,HLTHPLN1,RESP054,"(38.34774030000045, -98.20078122699965)"
2014,KY,Kentucky,Health Care Access/Coverage,Health Care Coverage,Do you have any kind of health care coverage?,Yes,Overall,Overall,"10,587",90,88.9,91.2,162,%,Crude Prevalence,,,BRFSS,CLASS07,Topic29,21,BO1,CAT1,HLTHPLN1,RESP046,"(37.645970271000465, -84.77497104799966)"
2014,KY,Kentucky,Health Care Access/Coverage,Health Care Coverage,Do you have any kind of health care coverage?,No,Overall,Overall,576,10,8.8,11.1,163,%,Crude Prevalence,,,BRFSS,CLASS07,Topic29,21,BO1,CAT1,HLTHPLN1,RESP054,"(37.645970271000465, -84.77497104799966)"
2014,LA,Louisiana,Health Care Access/Coverage,Health Care Coverage,Do you have any kind of health care coverage?,Yes,Overall,Overall,"5,829",81.3,80,82.6,162,%,Crude Prevalence,,,BRFSS,CLASS07,Topic29,22,BO1,CAT1,HLTHPLN1,RESP046,"(31.31266064400046, -92.44568007099969)"
2014,LA,Louisiana,Health Care Access/Coverage,Health Care Coverage,Do you have any kind of health care coverage?,No,Overall,Overall,922,18.7,17.4,20,163,%,Crude Prevalence,,,BRFSS,CLASS07,Topic29,22,BO1,CAT1,HLTHPLN1,RESP054,"(31.31266064400046, -92.44568007099969)"
2014,ME,Maine,Health Care Access/Coverage,Health Care Coverage,Do you have any kind of health care coverage?,Yes,Overall,Overall,"8,396",89,88,90,162,%,Crude Prevalence,,,BRFSS,CLASS07,Topic29,23,BO1,CAT1,HLTHPLN1,RESP046,"(45.254228894000505, -68.98503133599962)"
2014,ME,Maine,Health Care Access/Coverage,Health Care Coverage,Do you have any kind of health care coverage?,No,Overall,Overall,717,11,10,12,163,%,Crude Prevalence,,,BRFSS,CLASS07,Topic29,23,BO1,CAT1,HLTHPLN1,RESP054,"(45.254228894000505, -68.98503133599962)"
2014,MD,Maryland,Health Care Access/Coverage,Health Care Coverage,Do you have any kind of health care coverage?,Yes,Overall,Overall,"12,030",90.8,89.6,92,162,%,Crude Prevalence,,,BRFSS,CLASS07,Topic29,24,BO1,CAT1,HLTHPLN1,RESP046,"(39.29058096400047, -76.60926011099963)"
2014,MD,Maryland,Health Care Access/Coverage,Health Care Coverage,Do you have any kind of health care coverage?,No,Overall,Overall,497,9.2,8,10.4,163,%,Crude Prevalence,,,BRFSS,CLASS07,Topic29,24,BO1,CAT1,HLTHPLN1,RESP054,"(39.29058096400047, -76.60926011099963)"
2014,MA,Massachusetts,Health Care Access/Coverage,Health Care Coverage,Do you have any kind of health care coverage?,Yes,Overall,Overall,"15,098",95.4,94.8,96,162,%,Crude Prevalence,,,BRFSS,CLASS07,Topic29,25,BO1,CAT1,HLTHPLN1,RESP046,"(42.27687047000046, -72.08269067499964)"
2014,MA,Massachusetts,Health Care Access/Coverage,Health Care Coverage,Do you have any kind of health care coverage?,No,Overall,Overall,488,4.6,4,5.2,163,%,Crude Prevalence,,,BRFSS,CLASS07,Topic29,25,BO1,CAT1,HLTHPLN1,RESP054,"(42.27687047000046, -72.08269067499964)"
2014,MI,Michigan,Health Care Access/Coverage,Health Care Coverage,Do you have any kind of health care coverage?,Yes,Overall,Overall,"7,860",89.7,88.8,90.7,162,%,Crude Prevalence,,,BRFSS,CLASS07,Topic29,26,BO1,CAT1,HLTHPLN1,RESP046,"(44.6613195430005, -84.71439026999968)"
2014,MI,Michigan,Health Care Access/Coverage,Health Care Coverage,Do you have any kind of health care coverage?,No,Overall,Overall,568,10.3,9.3,11.2,163,%,Crude Prevalence,,,BRFSS,CLASS07,Topic29,26,BO1,CAT1,HLTHPLN1,RESP054,"(44.6613195430005, -84.71439026999968)"
2014,MN,Minnesota,Health Care Access/Coverage,Health Care Coverage,Do you have any kind of health care coverage?,Yes,Overall,Overall,"15,492",92.7,92.1,93.3,162,%,Crude Prevalence,,,BRFSS,CLASS07,Topic29,27,BO1,CAT1,HLTHPLN1,RESP046,"(46.35564873600049, -94.79420050299967)"
2014,MN,Minnesota,Health Care Access/Coverage,Health Care Coverage,Do you have any kind of health care coverage?,No,Overall,Overall,876,7.3,6.7,7.9,163,%,Crude Prevalence,,,BRFSS,CLASS07,Topic29,27,BO1,CAT1,HLTHPLN1,RESP054,"(46.35564873600049, -94.79420050299967)"
2014,MS,Mississippi,Health Care Access/Coverage,Health Care Coverage,Do you have any kind of health care coverage?,Yes,Overall,Overall,"3,699",81.2,79.3,83.1,161,%,Crude Prevalence,,,BRFSS,CLASS07,Topic29,28,BO1,CAT1,HLTHPLN1,RESP046,"(32.745510099000455, -89.53803082499968)"
2014,MS,Mississippi,Health Care Access/Coverage,Health Care Coverage,Do you have any kind of health care coverage?,No,Overall,Overall,486,18.8,17,20.7,162,%,Crude Prevalence,,,BRFSS,CLASS07,Topic29,28,BO1,CAT1,HLTHPLN1,RESP054,"(32.745510099000455, -89.53803082499968)"
2014,MO,Missouri,Health Care Access/Coverage,Health Care Coverage,Do you have any kind of health care coverage?,Yes,Overall,Overall,"6,478",87.1,85.7,88.4,162,%,Crude Prevalence,,,BRFSS,CLASS07,Topic29,29,BO1,CAT1,HLTHPLN1,RESP046,"(38.635790776000476, -92.56630005299968)"
2014,MO,Missouri,Health Care Access/Coverage,Health Care Coverage,Do you have any kind of health care coverage?,No,Overall,Overall,572,12.9,11.6,14.3,163,%,Crude Prevalence,,,BRFSS,CLASS07,Topic29,29,BO1,CAT1,HLTHPLN1,RESP054,"(38.635790776000476, -92.56630005299968)"
2014,MT,Montana,Health Care Access/Coverage,Health Care Coverage,Do you have any kind of health care coverage?,Yes,Overall,Overall,"6,806",87.1,85.9,88.4,161,%,Crude Prevalence,,,BRFSS,CLASS07,Topic29,30,BO1,CAT1,HLTHPLN1,RESP046,"(47.06652897200047, -109.42442064499971)"
2014,MT,Montana,Health Care Access/Coverage,Health Care Coverage,Do you have any kind of health care coverage?,No,Overall,Overall,664,12.9,11.6,14.1,162,%,Crude Prevalence,,,BRFSS,CLASS07,Topic29,30,BO1,CAT1,HLTHPLN1,RESP054,"(47.06652897200047, -109.42442064499971)"
2014,NE,Nebraska,Health Care Access/Coverage,Health Care Coverage,Do you have any kind of health care coverage?,Yes,Overall,Overall,"20,593",87.7,86.8,88.5,162,%,Crude Prevalence,,,BRFSS,CLASS07,Topic29,31,BO1,CAT1,HLTHPLN1,RESP046,"(41.6410409880005, -99.36572062299967)"
2014,NE,Nebraska,Health Care Access/Coverage,Health Care Coverage,Do you have any kind of health care coverage?,No,Overall,Overall,"1,732",12.4,11.5,13.2,163,%,Crude Prevalence,,,BRFSS,CLASS07,Topic29,31,BO1,CAT1,HLTHPLN1,RESP054,"(41.6410409880005, -99.36572062299967)"
2014,NV,Nevada,Health Care Access/Coverage,Health Care Coverage,Do you have any kind of health care coverage?,Yes,Overall,Overall,"3,345",82.9,80.7,85,161,%,Crude Prevalence,,,BRFSS,CLASS07,Topic29,32,BO1,CAT1,HLTHPLN1,RESP046,"(39.493240390000494, -117.07184056399967)"
2014,NV,Nevada,Health Care Access/Coverage,Health Care Coverage,Do you have any kind of health care coverage?,No,Overall,Overall,401,17.1,15,19.3,162,%,Crude Prevalence,,,BRFSS,CLASS07,Topic29,32,BO1,CAT1,HLTHPLN1,RESP054,"(39.493240390000494, -117.07184056399967)"
2014,NH,New Hampshire,Health Care Access/Coverage,Health Care Coverage,Do you have any kind of health care coverage?,No,Overall,Overall,497,11.4,10.1,12.7,163,%,Crude Prevalence,,,BRFSS,CLASS07,Topic29,33,BO1,CAT1,HLTHPLN1,RESP054,"(43.65595011300047, -71.50036091999965)"
2014,NH,New Hampshire,Health Care Access/Coverage,Health Care Coverage,Do you have any kind of health care coverage?,Yes,Overall,Overall,"5,668",88.6,87.3,89.9,162,%,Crude Prevalence,,,BRFSS,CLASS07,Topic29,33,BO1,CAT1,HLTHPLN1,RESP046,"(43.65595011300047, -71.50036091999965)"
2014,NJ,New Jersey,Health Care Access/Coverage,Health Care Coverage,Do you have any kind of health care coverage?,Yes,Overall,Overall,"11,886",87.6,86.6,88.5,162,%,Crude Prevalence,,,BRFSS,CLASS07,Topic29,34,BO1,CAT1,HLTHPLN1,RESP046,"(40.13057004800049, -74.27369128799967)"
2014,NJ,New Jersey,Health Care Access/Coverage,Health Care Coverage,Do you have any kind of health care coverage?,No,Overall,Overall,"1,104",12.5,11.5,13.4,163,%,Crude Prevalence,,,BRFSS,CLASS07,Topic29,34,BO1,CAT1,HLTHPLN1,RESP054,"(40.13057004800049, -74.27369128799967)"
2014,NM,New Mexico,Health Care Access/Coverage,Health Care Coverage,Do you have any kind of health care coverage?,Yes,Overall,Overall,"7,954",84.6,83.3,85.9,162,%,Crude Prevalence,,,BRFSS,CLASS07,Topic29,35,BO1,CAT1,HLTHPLN1,RESP046,"(34.52088095200048, -106.24058098499967)"
2014,NM,New Mexico,Health Care Access/Coverage,Health Care Coverage,Do you have any kind of health care coverage?,No,Overall,Overall,949,15.4,14.1,16.8,163,%,Crude Prevalence,,,BRFSS,CLASS07,Topic29,35,BO1,CAT1,HLTHPLN1,RESP054,"(34.52088095200048, -106.24058098499967)"
2014,NY,New York,Health Care Access/Coverage,Health Care Coverage,Do you have any kind of health care coverage?,Yes,Overall,Overall,"6,276",87.7,86.6,88.9,162,%,Crude Prevalence,,,BRFSS,CLASS07,Topic29,36,BO1,CAT1,HLTHPLN1,RESP046,"(42.82700103200045, -75.54397042699964)"
2014,NY,New York,Health Care Access/Coverage,Health Care Coverage,Do you have any kind of health care coverage?,No,Overall,Overall,565,12.3,11.1,13.4,163,%,Crude Prevalence,,,BRFSS,CLASS07,Topic29,36,BO1,CAT1,HLTHPLN1,RESP054,"(42.82700103200045, -75.54397042699964)"
2014,NC,North Carolina,Health Care Access/Coverage,Health Care Coverage,Do you have any kind of health care coverage?,Yes,Overall,Overall,"6,313",83.9,82.8,85,162,%,Crude Prevalence,,,BRFSS,CLASS07,Topic29,37,BO1,CAT1,HLTHPLN1,RESP046,"(35.466220975000454, -79.15925046299964)"
2014,NC,North Carolina,Health Care Access/Coverage,Health Care Coverage,Do you have any kind of health care coverage?,No,Overall,Overall,950,16.1,15.1,17.2,163,%,Crude Prevalence,,,BRFSS,CLASS07,Topic29,37,BO1,CAT1,HLTHPLN1,RESP054,"(35.466220975000454, -79.15925046299964)"
2014,ND,North Dakota,Health Care Access/Coverage,Health Care Coverage,Do you have any kind of health care coverage?,Yes,Overall,Overall,"7,326",91.2,90,92.4,161,%,Crude Prevalence,,,BRFSS,CLASS07,Topic29,38,BO1,CAT1,HLTHPLN1,RESP046,"(47.47531977900047, -100.11842104899966)"
2014,ND,North Dakota,Health Care Access/Coverage,Health Care Coverage,Do you have any kind of health care coverage?,No,Overall,Overall,421,8.8,7.6,10,162,%,Crude Prevalence,,,BRFSS,CLASS07,Topic29,38,BO1,CAT1,HLTHPLN1,RESP054,"(47.47531977900047, -100.11842104899966)"
2014,OH,Ohio,Health Care Access/Coverage,Health Care Coverage,Do you have any kind of health care coverage?,Yes,Overall,Overall,"10,170",89.8,88.7,90.9,162,%,Crude Prevalence,,,BRFSS,CLASS07,Topic29,39,BO1,CAT1,HLTHPLN1,RESP046,"(40.06021014100048, -82.40426005599966)"
2014,OH,Ohio,Health Care Access/Coverage,Health Care Coverage,Do you have any kind of health care coverage?,No,Overall,Overall,720,10.2,9.2,11.3,163,%,Crude Prevalence,,,BRFSS,CLASS07,Topic29,39,BO1,CAT1,HLTHPLN1,RESP054,"(40.06021014100048, -82.40426005599966)"
2014,OK,Oklahoma,Health Care Access/Coverage,Health Care Coverage,Do you have any kind of health care coverage?,Yes,Overall,Overall,"7,631",86.1,85,87.1,162,%,Crude Prevalence,,,BRFSS,CLASS07,Topic29,40,BO1,CAT1,HLTHPLN1,RESP046,"(35.47203135600046, -97.52107021399968)"
2014,OK,Oklahoma,Health Care Access/Coverage,Health Care Coverage,Do you have any kind of health care coverage?,No,Overall,Overall,794,13.9,12.9,15,163,%,Crude Prevalence,,,BRFSS,CLASS07,Topic29,40,BO1,CAT1,HLTHPLN1,RESP054,"(35.47203135600046, -97.52107021399968)"
2014,OR,Oregon,Health Care Access/Coverage,Health Care Coverage,Do you have any kind of health care coverage?,Yes,Overall,Overall,"4,852",89,87.6,90.3,162,%,Crude Prevalence,,,BRFSS,CLASS07,Topic29,41,BO1,CAT1,HLTHPLN1,RESP046,"(44.56744942400047, -120.15503132599969)"
2014,OR,Oregon,Health Care Access/Coverage,Health Care Coverage,Do you have any kind of health care coverage?,No,Overall,Overall,354,11,9.7,12.4,163,%,Crude Prevalence,,,BRFSS,CLASS07,Topic29,41,BO1,CAT1,HLTHPLN1,RESP054,"(44.56744942400047, -120.15503132599969)"
2014,PA,Pennsylvania,Health Care Access/Coverage,Health Care Coverage,Do you have any kind of health care coverage?,Yes,Overall,Overall,"10,243",89.9,88.9,90.8,162,%,Crude Prevalence,,,BRFSS,CLASS07,Topic29,42,BO1,CAT1,HLTHPLN1,RESP046,"(40.79373015200048, -77.86070029399963)"
2014,PA,Pennsylvania,Health Care Access/Coverage,Health Care Coverage,Do you have any kind of health care coverage?,No,Overall,Overall,707,10.1,9.2,11.1,163,%,Crude Prevalence,,,BRFSS,CLASS07,Topic29,42,BO1,CAT1,HLTHPLN1,RESP054,"(40.79373015200048, -77.86070029399963)"
2014,RI,Rhode Island,Health Care Access/Coverage,Health Care Coverage,Do you have any kind of health care coverage?,Yes,Overall,Overall,"6,151",92,90.8,93.2,161,%,Crude Prevalence,,,BRFSS,CLASS07,Topic29,44,BO1,CAT1,HLTHPLN1,RESP046,"(41.70828019300046, -71.52247031399963)"
2014,RI,Rhode Island,Health Care Access/Coverage,Health Care Coverage,Do you have any kind of health care coverage?,No,Overall,Overall,282,8,6.8,9.2,162,%,Crude Prevalence,,,BRFSS,CLASS07,Topic29,44,BO1,CAT1,HLTHPLN1,RESP054,"(41.70828019300046, -71.52247031399963)"
2014,SC,South Carolina,Health Care Access/Coverage,Health Care Coverage,Do you have any kind of health care coverage?,Yes,Overall,Overall,"9,732",82.9,81.8,84,162,%,Crude Prevalence,,,BRFSS,CLASS07,Topic29,45,BO1,CAT1,HLTHPLN1,RESP046,"(33.998821303000454, -81.04537120699968)"
2014,SC,South Carolina,Health Care Access/Coverage,Health Care Coverage,Do you have any kind of health care coverage?,No,Overall,Overall,"1,243",17.1,16,18.2,163,%,Crude Prevalence,,,BRFSS,CLASS07,Topic29,45,BO1,CAT1,HLTHPLN1,RESP054,"(33.998821303000454, -81.04537120699968)"
2014,SD,South Dakota,Health Care Access/Coverage,Health Care Coverage,Do you have any kind of health care coverage?,Yes,Overall,Overall,"6,865",90.1,88.6,91.7,162,%,Crude Prevalence,,,BRFSS,CLASS07,Topic29,46,BO1,CAT1,HLTHPLN1,RESP046,"(44.353130053000484, -100.3735306369997)"
2014,SD,South Dakota,Health Care Access/Coverage,Health Care Coverage,Do you have any kind of health care coverage?,No,Overall,Overall,506,9.9,8.4,11.4,163,%,Crude Prevalence,,,BRFSS,CLASS07,Topic29,46,BO1,CAT1,HLTHPLN1,RESP054,"(44.353130053000484, -100.3735306369997)"
2014,TN,Tennessee,Health Care Access/Coverage,Health Care Coverage,Do you have any kind of health care coverage?,Yes,Overall,Overall,"4,666",85.8,84.1,87.4,162,%,Crude Prevalence,,,BRFSS,CLASS07,Topic29,47,BO1,CAT1,HLTHPLN1,RESP046,"(35.68094058000048, -85.77449091399967)"
2014,TN,Tennessee,Health Care Access/Coverage,Health Care Coverage,Do you have any kind of health care coverage?,No,Overall,Overall,463,14.2,12.6,15.9,163,%,Crude Prevalence,,,BRFSS,CLASS07,Topic29,47,BO1,CAT1,HLTHPLN1,RESP054,"(35.68094058000048, -85.77449091399967)"
2014,TX,Texas,Health Care Access/Coverage,Health Care Coverage,Do you have any kind of health care coverage?,Yes,Overall,Overall,"12,935",75.1,73.9,76.3,162,%,Crude Prevalence,,,BRFSS,CLASS07,Topic29,48,BO1,CAT1,HLTHPLN1,RESP046,"(31.827240407000488, -99.42677020599967)"
2014,TX,Texas,Health Care Access/Coverage,Health Care Coverage,Do you have any kind of health care coverage?,No,Overall,Overall,"2,404",24.9,23.7,26.1,163,%,Crude Prevalence,,,BRFSS,CLASS07,Topic29,48,BO1,CAT1,HLTHPLN1,RESP054,"(31.827240407000488, -99.42677020599967)"
2014,UT,Utah,Health Care Access/Coverage,Health Care Coverage,Do you have any kind of health care coverage?,Yes,Overall,Overall,"13,443",86.1,85.4,86.8,162,%,Crude Prevalence,,,BRFSS,CLASS07,Topic29,49,BO1,CAT1,HLTHPLN1,RESP046,"(39.360700171000474, -111.58713063499971)"
2014,UT,Utah,Health Care Access/Coverage,Health Care Coverage,Do you have any kind of health care coverage?,No,Overall,Overall,"1,522",13.9,13.2,14.6,163,%,Crude Prevalence,,,BRFSS,CLASS07,Topic29,49,BO1,CAT1,HLTHPLN1,RESP054,"(39.360700171000474, -111.58713063499971)"
2014,VT,Vermont,Health Care Access/Coverage,Health Care Coverage,Do you have any kind of health care coverage?,Yes,Overall,Overall,"6,115",93.3,92.5,94.1,161,%,Crude Prevalence,,,BRFSS,CLASS07,Topic29,50,BO1,CAT1,HLTHPLN1,RESP046,"(43.62538123900049, -72.51764079099962)"
2014,VT,Vermont,Health Care Access/Coverage,Health Care Coverage,Do you have any kind of health care coverage?,No,Overall,Overall,338,6.7,5.9,7.5,162,%,Crude Prevalence,,,BRFSS,CLASS07,Topic29,50,BO1,CAT1,HLTHPLN1,RESP054,"(43.62538123900049, -72.51764079099962)"
2014,VA,Virginia,Health Care Access/Coverage,Health Care Coverage,Do you have any kind of health care coverage?,Yes,Overall,Overall,"8,620",87,85.9,88,162,%,Crude Prevalence,,,BRFSS,CLASS07,Topic29,51,BO1,CAT1,HLTHPLN1,RESP046,"(37.54268067400045, -78.45789046299967)"
2014,VA,Virginia,Health Care Access/Coverage,Health Care Coverage,Do you have any kind of health care coverage?,No,Overall,Overall,812,13.1,12,14.1,163,%,Crude Prevalence,,,BRFSS,CLASS07,Topic29,51,BO1,CAT1,HLTHPLN1,RESP054,"(37.54268067400045, -78.45789046299967)"
2014,WA,Washington,Health Care Access/Coverage,Health Care Coverage,Do you have any kind of health care coverage?,Yes,Overall,Overall,"9,453",89.3,88.3,90.3,162,%,Crude Prevalence,,,BRFSS,CLASS07,Topic29,53,BO1,CAT1,HLTHPLN1,RESP046,"(47.52227862900048, -120.47001078999972)"
2014,WA,Washington,Health Care Access/Coverage,Health Care Coverage,Do you have any kind of health care coverage?,No,Overall,Overall,595,10.7,9.7,11.8,163,%,Crude Prevalence,,,BRFSS,CLASS07,Topic29,53,BO1,CAT1,HLTHPLN1,RESP054,"(47.52227862900048, -120.47001078999972)"
2014,WV,West Virginia,Health Care Access/Coverage,Health Care Coverage,Do you have any kind of health care coverage?,Yes,Overall,Overall,"5,755",89.9,88.8,90.9,162,%,Crude Prevalence,,,BRFSS,CLASS07,Topic29,54,BO1,CAT1,HLTHPLN1,RESP046,"(38.66551020200046, -80.71264013499967)"
2014,WV,West Virginia,Health Care Access/Coverage,Health Care Coverage,Do you have any kind of health care coverage?,No,Overall,Overall,433,10.1,9.1,11.2,163,%,Crude Prevalence,,,BRFSS,CLASS07,Topic29,54,BO1,CAT1,HLTHPLN1,RESP054,"(38.66551020200046, -80.71264013499967)"
2014,WI,Wisconsin,Health Care Access/Coverage,Health Care Coverage,Do you have any kind of health care coverage?,Yes,Overall,Overall,"6,623",91.5,90.4,92.6,162,%,Crude Prevalence,,,BRFSS,CLASS07,Topic29,55,BO1,CAT1,HLTHPLN1,RESP046,"(44.39319117400049, -89.81637074199966)"
2014,WI,Wisconsin,Health Care Access/Coverage,Health Care Coverage,Do you have any kind of health care coverage?,No,Overall,Overall,408,8.5,7.4,9.7,163,%,Crude Prevalence,,,BRFSS,CLASS07,Topic29,55,BO1,CAT1,HLTHPLN1,RESP054,"(44.39319117400049, -89.81637074199966)"
2014,WY,Wyoming,Health Care Access/Coverage,Health Care Coverage,Do you have any kind of health care coverage?,Yes,Overall,Overall,"5,847",84.9,83.1,86.7,162,%,Crude Prevalence,,,BRFSS,CLASS07,Topic29,56,BO1,CAT1,HLTHPLN1,RESP046,"(43.23554134300048, -108.10983035299967)"
2014,WY,Wyoming,Health Care Access/Coverage,Health Care Coverage,Do you have any kind of health care coverage?,No,Overall,Overall,542,15.1,13.3,16.9,163,%,Crude Prevalence,,,BRFSS,CLASS07,Topic29,56,BO1,CAT1,HLTHPLN1,RESP054,"(43.23554134300048, -108.10983035299967)"
2014,GU,Guam,Health Care Access/Coverage,Health Care Coverage,Do you have any kind of health care coverage?,Yes,Overall,Overall,"2,036",75.2,72.6,77.8,160,%,Crude Prevalence,,,BRFSS,CLASS07,Topic29,66,BO1,CAT1,HLTHPLN1,RESP046,"(13.444304, 144.793731)"
2014,GU,Guam,Health Care Access/Coverage,Health Care Coverage,Do you have any kind of health care coverage?,No,Overall,Overall,475,24.8,22.2,27.5,161,%,Crude Prevalence,,,BRFSS,CLASS07,Topic29,66,BO1,CAT1,HLTHPLN1,RESP054,"(13.444304, 144.793731)"
2014,PR,Puerto Rico,Health Care Access/Coverage,Health Care Coverage,Do you have any kind of health care coverage?,Yes,Overall,Overall,"5,733",94.1,93.2,94.9,154,%,Crude Prevalence,,,BRFSS,CLASS07,Topic29,72,BO1,CAT1,HLTHPLN1,RESP046,"(18.220833, -66.590149)"
2014,PR,Puerto Rico,Health Care Access/Coverage,Health Care Coverage,Do you have any kind of health care coverage?,No,Overall,Overall,250,6,5.1,6.8,155,%,Crude Prevalence,,,BRFSS,CLASS07,Topic29,72,BO1,CAT1,HLTHPLN1,RESP054,"(18.220833, -66.590149)"
2014,UW,All States and DC (median) **,Health Care Access/Coverage,Health Care Coverage,Do you have any kind of health care coverage?,Yes,Overall,Overall,51,87.6,,,161,%,Crude Prevalence,,,BRFSS,CLASS07,Topic29,98,BO1,CAT1,HLTHPLN1,RESP046,
2014,UW,All States and DC (median) **,Health Care Access/Coverage,Health Care Coverage,Do you have any kind of health care coverage?,No,Overall,Overall,51,12.5,,,162,%,Crude Prevalence,,,BRFSS,CLASS07,Topic29,98,BO1,CAT1,HLTHPLN1,RESP054,
2014,US,"All States, DC and Territories (median) **",Health Care Access/Coverage,Health Care Coverage,Do you have any kind of health care coverage?,Yes,Overall,Overall,53,87.6,,,161,%,Crude Prevalence,,,BRFSS,CLASS07,Topic29,99,BO1,CAT1,HLTHPLN1,RESP046,
2014,US,"All States, DC and Territories (median) **",Health Care Access/Coverage,Health Care Coverage,Do you have any kind of health care coverage?,No,Overall,Overall,53,12.5,,,162,%,Crude Prevalence,,,BRFSS,CLASS07,Topic29,99,BO1,CAT1,HLTHPLN1,RESP054,